PROJECT_NAME,ADDRESS,Construction Completion Date_2,YEARBUILT_properties,Most recent rehab
Bushwick Alliance,272 Jefferson Street Brooklyn NY 11237,7/19/2025,2025,2025
Bushwick Alliance,332 Eldert Street Brooklyn NY 11237,7/19/2025,2025,2025
Bushwick Alliance,63 Stockholm Street Brooklyn NY 11221,7/19/2025,2025,2025
326 Rockaway,"326 Rockaway Ave, Brooklyn, NY 11212",8/2/2025,2025,2025
Baisley Pond (fka JFK Hilton),"143-06 135th Ave, Jamaica, NY, 11436",7/22/2025,2025,2025
Bethany Senior Terraces,610 East 40th Street Brooklyn NY 11203,10/1/2024,2024,2024
RiseBoro TPT Ten,"109-111 Linden Street, Brooklyn, NY 11221",9/1/2024,2024,2024
RiseBoro TPT Ten,"113-115 Linden Street, Brooklyn, NY 11221",9/1/2024,2024,2024
RiseBoro TPT Ten,"135 Menahan Street, Brooklyn, NY, 11237",9/1/2024,2024,2024
RiseBoro TPT Ten,"160 Bleecker Street, Brooklyn, NY, 11221",9/1/2024,2024,2024
RiseBoro TPT Ten,"230 Moffat Street, Brooklyn, NY, 11207",9/1/2024,2024,2024
RiseBoro TPT Ten,"301 Harman Street, Brooklyn, NY, 11237",9/1/2024,2024,2024
The Atrium at Sumner,57 Marcus Garvey Blvd Brooklyn NY 11206,1/30/2024,2024,2024
Hillside 1,"37 Hillside Ave, New York NY 10040",12/13/2023,2022,2022
Casa Pasiva,104 Grove Street Brooklyn NY 11221      ,10/1/2022,1988,2022
Casa Pasiva,110 Grove Street Brooklyn NY 11221,10/1/2022,1988,2022
Casa Pasiva,116 Grove Street Brooklyn NY 11221,10/1/2022,1993,2022
Casa Pasiva,120 Grove Street Brooklyn NY 11221,10/1/2022,1993,2022
Casa Pasiva,160 Harman Street Brooklyn NY 11221,10/1/2022,1995,2022
Casa Pasiva,173 Harman Street Brooklyn NY 11221,10/1/2022,1995,2022
Casa Pasiva,181 Harman Street Brooklyn NY 11221,10/1/2022,1995,2022
Casa Pasiva,75 Linden Street Brooklyn NY 11221,10/1/2022,1993,2022
Casa Pasiva,93-95 Stockholm Street Brooklyn NY 11221,10/1/2022,1995,2022
Woodlawn Senior Living,85 East 233rd Street Bronx NY 10470,9/1/2021,2022,2022
Harry T. Nance Apartments,1860 Eastern Parkway Brooklyn NY 11233,8/19/2021,2021,2021
Sunset 203k,314 Troutman Street Brooklyn NY 11237,7/1/2020,2019,2019
JOE RB Harman,251 Harman Street Brooklyn NY 11237,6/1/2019,1998,2019
JOE RB Harman,73 Linden St Brooklyn NY 11237,6/1/2019,1992,2019
Stammtisch,1285 Greene Avenue Brooklyn NY 11237,9/1/2015,2016,2016
640 Broadway,"640 Broadway, Brooklyn, NY, 11206",5/1/2017,2015,2015
Coretta Scott King,660 Jerome Street Brooklyn NY 11207,9/15/2015,2015,2015
Stammtisch,1116 Willoughby Avenue Brooklyn NY 11237,9/1/2015,2015,2015
Stammtisch,1344 Willoughby Avenue Brooklyn NY 11237,9/1/2015,2015,2015
Stammtisch,1351 Greene Avenue Brooklyn NY 11237,9/1/2015,2015,2015
Stammtisch,1560 Dekalb Avenue Brooklyn NY 11237,9/1/2015,2015,2015
Stammtisch,195 Stockholm Street Brooklyn NY 11237,9/1/2015,2015,2015
Stammtisch,26 Morgan Avenue Brooklyn NY 11237,9/1/2015,2015,2015
Stammtisch,27 Granite Street Brooklyn NY 11207,9/1/2015,2015,2015
Stammtisch,279 Wyckoff Avenue Brooklyn NY 11237,9/1/2015,2015,2015
Stammtisch,299 Wyckoff Avenue Brooklyn NY 11237,9/1/2015,2015,2015
Stammtisch,64 Bleecker Street Brooklyn NY 11237,9/1/2015,2015,2015
Knickerbocker Commons,301 Eldert Street Brooklyn NY 11237,6/1/2015,2014,2014
RBHA,128 Suydam Street Brooklyn NY 11221,1/1/2014,2008,2014
RBHA,135 Bleecker Street Brooklyn NY 11221,1/1/2014,2007,2014
RBHA,1424 Dekalb Avenue Brooklyn NY 11237,1/1/2014,2007,2014
RBHA,1516 Jefferson Avenue Brooklyn NY 11237,1/1/2014,2009,2014
RBHA,181 Stanhope Street Brooklyn NY 11237,1/1/2014,2010,2014
RBHA,194 Jefferson Street Brooklyn NY 11206,1/1/2014,2009,2014
RBHA,238 Suydam Street Brooklyn NY 11237,1/1/2014,2008,2014
RBHA,245 Irving Avenue Brooklyn NY 11237,1/1/2014,2008,2014
RBHA,318 Harman Street Brooklyn NY 11237,1/1/2014,2008,2014
RBHA,320 Grove Street Brooklyn NY 11237,1/1/2014,2008,2014
RBHA,432 Jefferson Street Brooklyn NY 11237,1/1/2014,2008,2014
RBHA,434 Jefferson Street Brooklyn NY 11237,1/1/2014,2008,2014
RBHA,647 Central Avenue Brooklyn NY 11207,1/1/2014,2008,2014
RBHA,76 Starr Street Brooklyn NY 11237,1/1/2014,2007,2014
RBHA,763 Hart Street Brooklyn NY 11237,1/1/2014,2008,2014
RBHA,85 Starr Street Brooklyn NY 11237,1/1/2014,2007,2014
RBHA,99 Central Ave Brooklyn NY 11206,1/1/2014,2008,2014
Mennonite United Revival Apartments,424 Melrose Street Brooklyn NY 11237,12/13/2015,2013,2013
Melrose SPI,239 Melrose Street Brooklyn NY 11237,10/1/2010,2011,2011
Jefferson SPI,295 Jefferson Street Brooklyn NY 11237,10/1/2010,2011,2011
Melrose SPI,348 Melrose Street Brooklyn NY 11237,10/1/2010,2011,2011
Schaefer Street Apartments,21 Schaefer Street Brooklyn NY 11207,9/1/2010,2010,2010
Moffat Gardens,22 Moffat Street Brooklyn NY 11207,8/1/2010,2010,2010
Rheingold Heights 1,87 Melrose Street Brooklyn NY 11206,5/9/2010,2010,2010
Esperanza TPT,24 St Nicholas Avenue Brookly NY 11237,1/9/2009,2010,2010
1919 Pacific,1919 Pacific Street Brooklyn NY 11233,7/17/2012,2009,2009
Rheingold Heights 2,591 Bushwick Avenue Brooklyn NY 11206,12/10/2010,2009,2009
West Bushwick 203K,258 Cornelia Street Brooklyn NY 11221 ,3/9/2009,2009,2009
West Bushwick 203K,265 Wyckoff Avenue Brooklyn NY 11237,3/9/2009,2009,2009
West Bushwick 203K,84 Menahan Street Brooklyn NY 11221,3/9/2009,2009,2009
West Bushwick NRP,276 Jefferson Street Brooklyn NY 11237,12/9/2008,2009,2009
Gates Plaza,1245 Gates Avenue Brooklyn NY 11237,11/8/2008,2009,2009
West Bushwick 203K,1126 Willoughby Avenue  Brooklyn NY 11237,3/9/2009,2008,2008
West Bushwick 203K,1225 Broadway Brooklyn NY 11221 ,3/9/2009,2008,2008
West Bushwick 203K,1248 Willoughby Avenue Brooklyn NY 11237,3/9/2009,2008,2008
West Bushwick 203K,1278 Putnam Avenue Brooklyn NY 11221,3/9/2009,2008,2008
West Bushwick 203K,1289 Greene Avenue Brooklyn NY 11237 ,3/9/2009,2008,2008
West Bushwick 203K,1463 Greene Avenue Brooklyn NY 11237,3/9/2009,2008,2008
West Bushwick 203K,184 Wyckoff Avenue Brooklyn NY 11237 ,3/9/2009,2008,2008
West Bushwick 203K,187 Schaefer Street Brooklyn NY 11207 ,3/9/2009,2008,2008
West Bushwick 203K,192 Irving Avenue Brooklyn NY 11237 ,3/9/2009,2008,2008
West Bushwick 203K,233 Troutman Street Brooklyn NY 11237,3/9/2009,2008,2008
West Bushwick 203K,234 Troutman Street Brooklyn NY 11237,3/9/2009,2008,2008
West Bushwick 203K,255 Wyckoff Avenue Brooklyn NY 11237,3/9/2009,2008,2008
West Bushwick 203K,261 Stockholm Street Brooklyn NY 11237,3/9/2009,2008,2008
West Bushwick 203K,268 Jefferson Street Brooklyn NY 11237,3/9/2009,2008,2008
West Bushwick 203K,306 Troutman Street Brooklyn NY 11237,3/9/2009,2008,2008
West Bushwick 203K,421 Suydam Street Brooklyn NY 11237,3/9/2009,2008,2008
West Bushwick 203K,49 Troutman Street Brooklyn NY 11206 ,3/9/2009,2008,2008
West Bushwick 203K,669 Central Avenue Brooklyn NY 11207 ,3/9/2009,2008,2008
West Bushwick 203K,678 Central Avenue Brooklyn NY 11207,3/9/2009,2008,2008
West Bushwick 203K,854 Hart Street Brooklyn NY 11237 ,3/9/2009,2008,2008
West Bushwick 203K,860 Hart Street Brooklyn NY 11237 ,3/9/2009,2008,2008
West Bushwick 203K,97 Central Avenue Brooklyn NY 11206 ,3/9/2009,2008,2008
Esperanza TPT,161 Bleecker Street Brooklyn NY 11221,1/9/2009,2008,2008
West Bushwick NRP,149 Starr Street Brooklyn NY 11237,12/9/2008,2008,2008
West Bushwick NRP,174 Stockholm Street Brooklyn NY 11237,12/9/2008,2008,2008
West Bushwick NRP,235 Stanhope Street  Brooklyn NY 11237,12/9/2008,2008,2008
West Bushwick NRP,32 Irving Avenue Brooklyn NY 11237,12/9/2008,2008,2008
West Bushwick NRP,73 Wyckoff Avenue Brooklyn NY 11237,12/9/2008,2008,2008
Himrod Street,165 Himrod Street Brooklyn NY 11237,1/1/2008,2008,2008
West Bushwick TPT,306 Grove Street Brooklyn NY 11237,3/7/2008,2007,2007
West Bushwick TPT,310 Grove Street Brooklyn NY 11237,3/7/2008,2007,2007
West Bushwick TPT,324 Harman Street Brooklyn NY 11237,3/7/2008,2007,2007
Melrose Street Apartments,63 Central Avenue Brooklyn NY 11206,4/1/2007,2007,2007
West Bushwick NRP,1475 Myrtle Avenue  Brooklyn NY 11237,12/9/2008,2006,2006
West Bushwick NRP,30 Wyckoff Avenue Brooklyn NY 11237,12/9/2008,2006,2006
West Bushwick NRP,311 Harman Street Brooklyn NY 11237,12/9/2008,2006,2006
West Bushwick NRP,317 Jefferson Street Brooklyn NY 11237,12/9/2008,2006,2006
West Bushwick NRP,320 Jefferson Street Brooklyn NY 11237,12/9/2008,2006,2006
West Bushwick NRP,44 Irving Avenue Brooklyn NY 11237,12/9/2008,2006,2006
West Bushwick NRP,57 Irving Avenue Brooklyn NY 11237,12/9/2008,2006,2006
857 Hart Street,857 Hart Street Brooklyn NY 11237,3/26/2008,2006,2006
Renaissance Estates,10 Forrest Street Brooklyn NY 11206,3/1/2006,2006,2006
Gates Gardens,1349 Gates Avenue Brooklyn NY 11221,1/1/2012,2005,2005
West Bushwick TPT,1269 Decatur Street Brooklyn NY 11207,3/7/2008,2005,2005
West Bushwick TPT,1274 Decatur Street Brooklyn NY 11207,3/7/2008,2005,2005
West Bushwick TPT,233 Himrod Street Brooklyn NY 11237,3/7/2008,2005,2005
West Bushwick TPT,285 Linden Street Brooklyn NY 11237,3/7/2008,2005,2005
West Bushwick TPT,835 Hart Street Brooklyn NY 11237,3/7/2008,2005,2005
West Bushwick TPT,869 Hart Street Brooklyn NY 11237,3/7/2008,2005,2005
Rheingold Gardens,533 Bushwick Avenue Brooklyn NY 11206,4/1/2005,2005,2005
Rheingold Gardens,555 Bushwick Avenue Brooklyn NY 11206,4/1/2005,2005,2005
Noll Street,43 Central Avenue Brooklyn 11206,12/1/2003,2003,2003
Troutman Evergreen,78 Troutman Street Brooklyn 11206,2/1/2002,2002,2002
Linden Court,150 Linden Street Brooklyn NY 11221,5/1/2001,1999,1999
420 Stockholm,420 Stockholm Street Brooklyn 11237,7/1/2000,1999,1999
Knickerbocker Square,557 Knickerbocker Avenue Brooklyn NY 11237,5/1/2000,1999,1999
924 Hart Street,924 Hart Street Brooklyn NY 11237,5/4/1993,1998,1998
Plaza de los Ancianos,297 Wilson Avenue Brooklyn NY 11237,3/1/1997,1997,1997
Goodwin Himrod,55 Goodwin Place Brooklyn NY 11221,8/1/1992,1994,1994
Goodwin Himrod,143 Himrod Street Brooklyn NY 11221,8/1/1992,1992,1992
Irving Stockholm,299 Jefferson Street Brooklyn 11237,9/1/1991,1991,1991
Irving Stockholm,304 Jefferson Street Brooklyn 11237,9/1/1991,1991,1991
Irving Stockholm,244 Stockholm Street  Brooklyn 11237       ,2/1/1990,1991,1991
Irving Stockholm,246 Stockhom Street  Brooklyn 11237,2/1/1990,1991,1991
Irving Stockholm,273 Linden Street   Brooklyn 11237,2/1/1990,1991,1991
Irving Stockholm,302 Jefferson Street Brooklyn 11237,2/1/1990,1991,1991
Irving Stockholm,304 Grove Street Brooklyn 11237,2/1/1990,1991,1991
Irving Stockholm,308 Grove Street Brooklyn 11237,2/1/1990,1991,1991
Irving Stockholm,312 Grove Street Brooklyn 11237,2/1/1990,1991,1991
Irving Stockholm,316 Jefferson Street Brooklyn 11237,2/1/1990,1991,1991
Irving Stockholm,22 Irving Avenue Brooklyn 11237,2/1/1990,1990,1990